{
    "BNCB": {
        "f1": 0.6581046408266045,
        "acc": 0.6813186813186813
    },
    "prostate_tu_norm": {
        "f1": 0.33333333333333326,
        "acc": 0.5
    },
    "AGGC_2022": {
        "f1": 0.07078423396582746,
        "acc": 0.15041322314049588
    },
    "VALSET": {
        "f1": 0.02841855007648313,
        "acc": 0.04838709677419355
    },
    "Gleason": {
        "f1": 0.1007658164467714,
        "acc": 0.14832535885167464
    },
    "KICH_sampled": {
        "f1": 0.6596211467963633,
        "acc": 0.7533783783783784
    },
    "diagset": {
        "f1": 0.2919271171054338,
        "acc": 0.3968531468531469
    }
}