{
    "BNCB": {
        "f1": 0.6465,
        "acc": 0.72
    },
    "prostate_tu_norm": {
        "f1": 0.3113513513513514,
        "acc": 0.48
    },
    "AGGC_2022": {
        "f1": 0.1988235294117647,
        "acc": 0.26
    },
    "VALSET": {
        "f1": 0.007804878048780488,
        "acc": 0.04
    },
    "Gleason": {
        "f1": 0.036829836829836836,
        "acc": 0.08
    },
    "KICH_sampled": {
        "f1": 0.7111111111111111,
        "acc": 0.8
    },
    "diagset": {
        "f1": 0.33766233766233766,
        "acc": 0.44
    }
}