{
    "CocaHis": {
        "f1": 0.7873684210526315,
        "acc": 0.76
    },
    "PAIP19": {
        "f1": 0.3375392175392175,
        "acc": 0.42
    },
    "CAMEL": {
        "f1": 0.5177511368334022,
        "acc": 0.54
    }
}