{
    "CocaHis": {
        "f1": 0.8728239202657807,
        "acc": 0.88
    },
    "PAIP19": {
        "f1": 0.6321739130434783,
        "acc": 0.64
    },
    "CAMEL": {
        "f1": 0.7403131272581293,
        "acc": 0.74
    }
}