{
    "BNCB": {
        "f1": 0.6861835748792271,
        "acc": 0.68
    },
    "prostate_tu_norm": {
        "f1": 0.7521182266009854,
        "acc": 0.76
    },
    "AGGC_2022": {
        "f1": 0.6870585424133812,
        "acc": 0.68
    },
    "Gleason": {
        "f1": 0.329320197044335,
        "acc": 0.36
    },
    "KICH_sampled": {
        "f1": 0.7117647058823531,
        "acc": 0.68
    },
    "diagset": {
        "f1": 0.3073322233322233,
        "acc": 0.26
    }
}