{
    "BNCB": {
        "f1": 0.4942857142857142,
        "acc": 0.52
    },
    "prostate_tu_norm": {
        "f1": 0.793431855500821,
        "acc": 0.8
    },
    "AGGC_2022": {
        "f1": 0.6351231527093596,
        "acc": 0.66
    },
    "VALSET": {
        "f1": 0.46018181818181814,
        "acc": 0.48
    },
    "Gleason": {
        "f1": 0.3827948717948718,
        "acc": 0.4
    },
    "KICH_sampled": {
        "f1": 0.6909090909090908,
        "acc": 0.76
    },
    "diagset": {
        "f1": 0.3329610916466901,
        "acc": 0.34
    }
}