{
    "BNCB": {
        "f1": 0.290625,
        "acc": 0.4
    },
    "prostate_tu_norm": {
        "f1": 0.3113513513513514,
        "acc": 0.48
    },
    "AGGC_2022": {
        "f1": 0.6430476190476191,
        "acc": 0.72
    },
    "VALSET": {
        "f1": 0.23102808302808303,
        "acc": 0.26
    },
    "Gleason": {
        "f1": 0.34888888888888886,
        "acc": 0.4
    },
    "KICH_sampled": {
        "f1": 0.7424242424242423,
        "acc": 0.8
    },
    "diagset": {
        "f1": 0.2726984126984127,
        "acc": 0.3
    }
}