{
    "PAIP19": {
        "f1": 0.011869891267459262,
        "acc": 0.04308390022675737
    },
    "catch": {
        "f1": 0.028873969946903638,
        "acc": 0.061377245508982034
    },
    "unipatho": {
        "f1": 0.05144760542487815,
        "acc": 0.10795454545454546
    }
}