{
    "CocaHis": {
        "f1": 0.7584415584415585,
        "acc": 0.7272727272727273
    },
    "PAIP19": {
        "f1": 0.011869891267459262,
        "acc": 0.04308390022675737
    },
    "CAMEL": {
        "f1": 0.4310036886041545,
        "acc": 0.5843137254901961
    },
    "unipatho": {
        "f1": 0.05144760542487815,
        "acc": 0.10795454545454546
    },
    "catch": {
        "f1": 0.028873969946903638,
        "acc": 0.061377245508982034
    }
}