{
    "CocaHis": {
        "f1": 0.8304318936877076,
        "acc": 0.84
    },
    "PAIP19": {
        "f1": 0.003076923076923077,
        "acc": 0.04
    },
    "CAMEL": {
        "f1": 0.28986301369863016,
        "acc": 0.46
    },
    "unipatho": {
        "f1": 0.06057142857142857,
        "acc": 0.1
    },
    "catch": {
        "f1": 0.10723577235772357,
        "acc": 0.12
    }
}