{
    "PAIP19": {
        "f1": 0.003076923076923077,
        "acc": 0.04
    },
    "catch": {
        "f1": 0.10723577235772357,
        "acc": 0.12
    },
    "unipatho": {
        "f1": 0.06057142857142857,
        "acc": 0.1
    }
}