{
    "CocaHis": {
        "f1": 0.8963317384370015,
        "acc": 0.9090909090909091
    },
    "PAIP19": {
        "f1": 0.5523901900379372,
        "acc": 0.5691609977324263
    },
    "CAMEL": {
        "f1": 0.6461746114004808,
        "acc": 0.6862745098039216
    },
    "unipatho": {
        "f1": 0.2980325366689003,
        "acc": 0.4318181818181818
    },
    "catch": {
        "f1": 0.5259350369001053,
        "acc": 0.5269461077844312
    }
}