{
    "PAIP19": {
        "f1": 0.18952380952380957,
        "acc": 0.34
    },
    "catch": {
        "f1": 0.2769084249084249,
        "acc": 0.28
    },
    "unipatho": {
        "f1": 0.28239999999999993,
        "acc": 0.38
    }
}