{
    "CocaHis": {
        "f1": 0.8109401709401709,
        "acc": 0.86
    },
    "PAIP19": {
        "f1": 0.18952380952380957,
        "acc": 0.34
    },
    "CAMEL": {
        "f1": 0.37251092763477417,
        "acc": 0.5
    },
    "unipatho": {
        "f1": 0.28239999999999993,
        "acc": 0.38
    },
    "catch": {
        "f1": 0.2769084249084249,
        "acc": 0.28
    }
}