{
    "BNCB": {
        "f1": 0.5631077270304796,
        "acc": 0.5741758241758241
    },
    "prostate_tu_norm": {
        "f1": 0.6492585428755642,
        "acc": 0.66
    },
    "AGGC_2022": {
        "f1": 0.5417265920272686,
        "acc": 0.5619834710743802
    },
    "VALSET": {
        "f1": 0.45029243913527167,
        "acc": 0.4435483870967742
    },
    "Gleason": {
        "f1": 0.2978148194081086,
        "acc": 0.28708133971291866
    },
    "KICH_sampled": {
        "f1": 0.8593029517687051,
        "acc": 0.8581081081081081
    },
    "diagset": {
        "f1": 0.2936519074903392,
        "acc": 0.2517482517482518
    }
}