{
    "PAIP19": {
        "f1": 0.6868833302769167,
        "acc": 0.6598639455782312
    },
    "catch": {
        "f1": 0.5621053318332355,
        "acc": 0.5658682634730539
    },
    "unipatho": {
        "f1": 0.5988376225388432,
        "acc": 0.6136363636363636
    }
}