{
    "CocaHis": {
        "f1": 0.9155080213903743,
        "acc": 0.9090909090909091
    },
    "PAIP19": {
        "f1": 0.6868833302769167,
        "acc": 0.6598639455782312
    },
    "CAMEL": {
        "f1": 0.8063801998411305,
        "acc": 0.8156862745098039
    },
    "unipatho": {
        "f1": 0.5988376225388432,
        "acc": 0.6136363636363636
    },
    "catch": {
        "f1": 0.5621053318332355,
        "acc": 0.5658682634730539
    }
}