{
    "PAIP19": {
        "f1": 0.3490450450450451,
        "acc": 0.42
    },
    "catch": {
        "f1": 0.12218173639226268,
        "acc": 0.12
    },
    "unipatho": {
        "f1": 0.29533333333333334,
        "acc": 0.32
    }
}