{
    "CocaHis": {
        "f1": 0.8034782608695653,
        "acc": 0.78
    },
    "PAIP19": {
        "f1": 0.3490450450450451,
        "acc": 0.42
    },
    "CAMEL": {
        "f1": 0.34967741935483865,
        "acc": 0.46
    },
    "unipatho": {
        "f1": 0.29533333333333334,
        "acc": 0.32
    },
    "catch": {
        "f1": 0.12218173639226268,
        "acc": 0.12
    }
}