{
    "CocaHis": {
        "f1": 0.84,
        "acc": 0.84
    },
    "PAIP19": {
        "f1": 0.3321072796934866,
        "acc": 0.42
    },
    "CAMEL": {
        "f1": 0.41028571428571425,
        "acc": 0.52
    },
    "unipatho": {
        "f1": 0.25088319088319094,
        "acc": 0.32
    },
    "catch": {
        "f1": 0.2332787878787879,
        "acc": 0.26
    }
}