{
    "PAIP19": {
        "f1": 0.3321072796934866,
        "acc": 0.42
    },
    "catch": {
        "f1": 0.2332787878787879,
        "acc": 0.26
    },
    "unipatho": {
        "f1": 0.25088319088319094,
        "acc": 0.32
    }
}