{
    "BNCB": {
        "f1": 0.7856548347613221,
        "acc": 0.78
    },
    "prostate_tu_norm": {
        "f1": 0.6819672131147542,
        "acc": 0.7
    },
    "AGGC_2022": {
        "f1": 0.5677677677677678,
        "acc": 0.56
    },
    "VALSET": {
        "f1": 0.3968899923605806,
        "acc": 0.38
    },
    "Gleason": {
        "f1": 0.3339591742590244,
        "acc": 0.4
    },
    "KICH_sampled": {
        "f1": 0.9803496081977094,
        "acc": 0.98
    },
    "diagset": {
        "f1": 0.22915200915200912,
        "acc": 0.24
    }
}