{
    "BNCB": {
        "f1": 0.7564906677056209,
        "acc": 0.7527472527472527
    },
    "prostate_tu_norm": {
        "f1": 0.7393483709273184,
        "acc": 0.74
    },
    "AGGC_2022": {
        "f1": 0.6760040747709006,
        "acc": 0.6727272727272727
    },
    "VALSET": {
        "f1": 0.550582975707452,
        "acc": 0.5698924731182796
    },
    "Gleason": {
        "f1": 0.5602538825009596,
        "acc": 0.5598086124401914
    },
    "KICH_sampled": {
        "f1": 0.9733067577104274,
        "acc": 0.972972972972973
    },
    "diagset": {
        "f1": 0.3916435611243923,
        "acc": 0.3688811188811189
    }
}