{
    "BNCB": {
        "f1": 0.7457777777777779,
        "acc": 0.74
    },
    "prostate_tu_norm": {
        "f1": 0.6957575757575757,
        "acc": 0.7
    },
    "AGGC_2022": {
        "f1": 0.6693596059113301,
        "acc": 0.64
    },
    "Gleason": {
        "f1": 0.4942683982683983,
        "acc": 0.5
    },
    "KICH_sampled": {
        "f1": 1.0,
        "acc": 1.0
    },
    "diagset": {
        "f1": 0.30511827956989246,
        "acc": 0.28
    }
}